INSERT INTO "PUBLIC"."RECIPE"  (ID, DIRECTIONS, TITLE, YIELDS)
VALUES (1001, 'Place zucchini and butter in a 2 quart casserole. Cover with plastic wrap.\000a  Microwave at high (100%) until tender crisp, 4 to 5 minutes. Stir in egg,\000a  pimentos and cheese. Blend well. Cover with plastic wrap. Microwave at\000a  medium (50%) until eggs are set, 10 toll minutes. Sprinkle onion rings on\000a  top. Microwave at medium (50%) until onion rings are heated, 2 to 2 1/2\000a  minutes. Makes 6 servings.\000a  \000a  Recipe by: diane@keyway.net\000a  \000a  Posted to recipelu-digest Volume 01 Number 217 by "Diane Geary"\000a  &lt;diane@keyway.net&gt; on Nov 7, 1997', 'Another Zucchini Dish', 6);
INSERT INTO "PUBLIC"."RECIPE"  (ID, DIRECTIONS, TITLE, YIELDS)
VALUES (1010, 'Sprinkle 1 cup almonds into bottom of a well-greased       and floured 10"\000a  tube pan; set aside. Combine cake mix,     pudding mix, eggs, oil, water,\000a  amaretto, and almond        extract in a mixing bowl; beat on low speed of\000a  an\000a         electric mixer til dry ingredients are moistened.          Increase\000a  speed to medium, and beat 4 minutes. Stir in      remaining 1/2 cup\000a  almonds. Pour batter into prepared       tube pan. Bake at 325~ for 1 hour\000a  or til a wooden pick inserted in center comes out clean. Cool cake in pan\000a    10-15 minutes; remove from pan, and cool completely.       Combine sugar,\000a  water, and butter in a small saucepan;      bring to a boil. Reduce heat to\000a  medium and gently boil     4-5 minutes, stirring occasionally, until sugar\000a  dissolves. Remove from heat, and cool 15 minutes. Stir\000a  in amaretto and almond extract. Punch holes in top of      cake with a\000a  wooden pick; slowly spoon glaze on top of cake, allowing glaze to absorb in\000a  cake.\000a  Posted to MC-Recipe Digest V1 #263\000a  \000a  Date: Sun, 27 Oct 1996 20:04:57 +0000\000a  \000a  From: Cheryl Gimenez &lt;clgimenez@earthlink.net&gt;', 'Amaretto Cake', 1);
INSERT INTO "PUBLIC"."RECIPE"  (ID, DIRECTIONS, TITLE, YIELDS)
VALUES (1024, 'Place zucchini and butter in a 2 quart casserole. Cover with plastic wrap.\000a  Microwave at high (100%) until tender crisp, 4 to 5 minutes. Stir in egg,\000a  pimentos and cheese. Blend well. Cover with plastic wrap. Microwave at\000a  medium (50%) until eggs are set, 10 toll minutes. Sprinkle onion rings on\000a  top. Microwave at medium (50%) until onion rings are heated, 2 to 2 1/2\000a  minutes. Makes 6 servings.\000a  \000a  Recipe by: diane@keyway.net\000a  \000a  Posted to recipelu-digest Volume 01 Number 217 by "Diane Geary"\000a  &lt;diane@keyway.net&gt; on Nov 7, 1997', '30 Minute Chili', 6);


INSERT INTO "PUBLIC"."CATEGORY" (ID, NAME) VALUES (1002, 'Microwave');
INSERT INTO "PUBLIC"."CATEGORY" (ID, NAME) VALUES (1003, 'Vegetables');
INSERT INTO "PUBLIC"."CATEGORY" (ID, NAME) VALUES (1011, 'Liquor');
INSERT INTO "PUBLIC"."CATEGORY" (ID, NAME) VALUES (1012, 'Cakes');
INSERT INTO "PUBLIC"."CATEGORY" (ID, NAME) VALUES (1013, 'Cake mixes');
INSERT INTO "PUBLIC"."CATEGORY" (ID, NAME) VALUES (1025, 'Main dish');
INSERT INTO "PUBLIC"."CATEGORY" (ID, NAME) VALUES (1026, 'Chili');


INSERT INTO "PUBLIC"."INGREDIENT" (ID, AMOUNT_QTY, AMOUNT_UNIT, NAME, RECIPE_ID) VALUES (1004, '3', NULL, 'Eggs; beaten', 1001);
INSERT INTO "PUBLIC"."INGREDIENT" (ID, AMOUNT_QTY, AMOUNT_UNIT, NAME, RECIPE_ID) VALUES (1005, '1', 'pound', 'Zucchini; cubed 1/2', 1001);
INSERT INTO "PUBLIC"."INGREDIENT" (ID, AMOUNT_QTY, AMOUNT_UNIT, NAME, RECIPE_ID) VALUES (1006, '3', 'tablespoons', 'Butter or margarine', 1001);
INSERT INTO "PUBLIC"."INGREDIENT" (ID, AMOUNT_QTY, AMOUNT_UNIT, NAME, RECIPE_ID) VALUES (1007, '1', NULL, 'Jar pimentos; 2 1/2 oz, diced', 1001);
INSERT INTO "PUBLIC"."INGREDIENT" (ID, AMOUNT_QTY, AMOUNT_UNIT, NAME, RECIPE_ID) VALUES (1008, '1', 'cup', 'Cheddar cheese; shredded', 1001);
INSERT INTO "PUBLIC"."INGREDIENT" (ID, AMOUNT_QTY, AMOUNT_UNIT, NAME, RECIPE_ID) VALUES (1009, '1', 'can', 'French fried onion rings 3 oz.', 1001);
INSERT INTO "PUBLIC"."INGREDIENT" (ID, AMOUNT_QTY, AMOUNT_UNIT, NAME, RECIPE_ID) VALUES (1014, '1 1/2', 'cups', 'Toasted Almonds; chopped', 1010);
INSERT INTO "PUBLIC"."INGREDIENT" (ID, AMOUNT_QTY, AMOUNT_UNIT, NAME, RECIPE_ID) VALUES (1015, '1', 'package', 'Yellow cake mix; no pudding', 1010);
INSERT INTO "PUBLIC"."INGREDIENT" (ID, AMOUNT_QTY, AMOUNT_UNIT, NAME, RECIPE_ID) VALUES (1016, '1', 'package', 'Vanilla instant pudding', 1010);
INSERT INTO "PUBLIC"."INGREDIENT" (ID, AMOUNT_QTY, AMOUNT_UNIT, NAME, RECIPE_ID) VALUES (1017, '4', NULL, 'Eggs', 1010);
INSERT INTO "PUBLIC"."INGREDIENT" (ID, AMOUNT_QTY, AMOUNT_UNIT, NAME, RECIPE_ID) VALUES (1018, '1/2', 'cups', 'Vegetable oil', 1010);
INSERT INTO "PUBLIC"."INGREDIENT" (ID, AMOUNT_QTY, AMOUNT_UNIT, NAME, RECIPE_ID) VALUES (1019, '1/2', 'cups', 'Water', 1010);
INSERT INTO "PUBLIC"."INGREDIENT" (ID, AMOUNT_QTY, AMOUNT_UNIT, NAME, RECIPE_ID) VALUES (1020, '1/2', 'cups', 'Amaretto', 1010);
INSERT INTO "PUBLIC"."INGREDIENT" (ID, AMOUNT_QTY, AMOUNT_UNIT, NAME, RECIPE_ID) VALUES (1021, '1', 'teaspoon', 'Almond extrac', 1010);
INSERT INTO "PUBLIC"."INGREDIENT" (ID, AMOUNT_QTY, AMOUNT_UNIT, NAME, RECIPE_ID) VALUES (1022, '1/2', 'cups', 'Sugar', 1010);
INSERT INTO "PUBLIC"."INGREDIENT" (ID, AMOUNT_QTY, AMOUNT_UNIT, NAME, RECIPE_ID) VALUES (1023, '2', 'tablespoons', 'Butter', 1010);
INSERT INTO "PUBLIC"."INGREDIENT" (ID, AMOUNT_QTY, AMOUNT_UNIT, NAME, RECIPE_ID) VALUES (1027, '1', NULL, 'Onion; large, chopped', 1024);
INSERT INTO "PUBLIC"."INGREDIENT" (ID, AMOUNT_QTY, AMOUNT_UNIT, NAME, RECIPE_ID) VALUES (1028, '1', 'pound', 'Ground chuck or lean ground; beef', 1024);
INSERT INTO "PUBLIC"."INGREDIENT" (ID, AMOUNT_QTY, AMOUNT_UNIT, NAME, RECIPE_ID) VALUES (1029, '1', 'can', 'Kidney beans; (12 oz)', 1024);
INSERT INTO "PUBLIC"."INGREDIENT" (ID, AMOUNT_QTY, AMOUNT_UNIT, NAME, RECIPE_ID) VALUES (1030, '1', 'can', 'Tomato soup; undiluted', 1024);
INSERT INTO "PUBLIC"."INGREDIENT" (ID, AMOUNT_QTY, AMOUNT_UNIT, NAME, RECIPE_ID) VALUES (1031, '1', 'teaspoon', 'Salt', 1024);

INSERT INTO "PUBLIC"."RECIPE_CATEGORIES" VALUES
(1001, 1002),
(1001, 1003),
(1010, 1011),
(1010, 1012),
(1010, 1013),
(1024, 1025),
(1024, 1026);